"account_id","first_login_date","country","is_paying_user_flag","first_iap_date"
acc_e3d9862ff55645a2,2026-03-01 07:18:18.000,JP,false,
acc_5d2e92bcfc0b4c0a,2026-03-01 05:13:59.000,US,true,2026-03-07 00:00:00.000
acc_273b2b1db4d74be3,2026-03-01 15:30:46.000,ID,false,
acc_34795319ff944d61,2026-03-01 18:00:24.000,KR,false,
acc_1ef9e49222134bf1,2026-03-01 17:10:24.000,KR,true,2026-03-09 00:00:00.000
acc_527d1298b08549cc,2026-03-01 14:05:35.000,PH,false,
acc_a4864674210e4d37,2026-03-01 12:04:09.000,US,true,2026-03-01 00:00:00.000
acc_9ac8211b0f5146d9,2026-03-01 13:08:09.000,US,false,
acc_b23c43f6388f449e,2026-03-01 12:42:28.000,BR,false,
acc_b23b000f84184d8a,2026-03-01 19:07:07.000,BR,false,
acc_4fd350960b914017,2026-03-01 11:46:32.000,CA,false,
acc_82af56988a494010,2026-03-01 03:26:46.000,BR,false,
acc_0593fe04c5df4381,2026-03-01 11:18:12.000,US,true,2026-03-08 00:00:00.000
acc_6a4d2c63fa434f06,2026-03-01 10:59:35.000,BR,false,
acc_68a5676d365c4c70,2026-03-01 11:44:35.000,BR,false,
acc_32c9f41ea02e46a1,2026-03-01 12:10:19.000,US,false,
acc_c9920bb5530f42d8,2026-03-01 13:04:19.000,US,false,
acc_7df7f7b146d04f4f,2026-03-01 08:28:38.000,PH,false,
acc_54226fe13d034ba3,2026-03-01 21:49:31.000,ID,true,2026-03-02 00:00:00.000
acc_a8d628b9bd13486b,2026-03-01 19:06:16.000,PH,false,
acc_8c88992065d94441,2026-03-01 02:20:43.000,CA,false,
acc_dfe6969f17734936,2026-03-01 05:17:33.000,BR,false,
acc_7942f78497a74ff0,2026-03-01 02:20:59.000,PH,false,
acc_1d706255a2d04f14,2026-03-01 08:17:17.000,US,false,
acc_cc71390c2d3747de,2026-03-01 15:51:47.000,GB,false,
acc_dc4cd6c70e374ded,2026-03-01 22:53:40.000,TH,false,
acc_40ee40a19935425e,2026-03-01 16:39:35.000,GB,false,
acc_9a047de681694df0,2026-03-01 17:56:35.000,GB,false,
acc_326cfa1c18ad4b20,2026-03-01 21:40:15.000,US,false,
acc_5850d89a1bb94f85,2026-03-01 22:08:15.000,US,false,
acc_413e9e04e3674776,2026-03-01 22:04:15.000,US,false,
acc_934a05b2eb134f01,2026-03-01 18:52:54.000,TH,false,
acc_a0a07398728447f6,2026-03-01 00:34:46.000,VN,false,
acc_a69b205b325c4726,2026-03-01 12:53:29.000,JP,false,
acc_a0904b4bc8874095,2026-03-01 12:56:29.000,JP,false,
acc_5568323032d844c8,2026-03-01 01:01:20.000,MX,false,
acc_2aa70d25aa674001,2026-03-01 08:23:23.000,AU,false,
acc_535fed96c9d74a40,2026-03-01 00:36:42.000,GB,false,
acc_411cfe2b09a54250,2026-03-01 07:32:35.000,GB,false,
acc_e47efd10b13b4caf,2026-03-01 01:44:22.000,ID,false,
acc_bcd34e2482e84482,2026-03-01 20:07:05.000,VN,true,2026-03-01 00:00:00.000
acc_28ef1a8514cd400d,2026-03-01 13:13:51.000,VN,false,
acc_a8931f1574614675,2026-03-01 16:57:18.000,TH,false,
acc_d53322eea5ed42aa,2026-03-01 01:07:57.000,PH,false,
acc_451bcd04073d43b3,2026-03-01 04:30:28.000,VN,true,
acc_e724baffaadd427c,2026-03-01 13:54:04.000,US,false,
acc_f6660bc677514d23,2026-03-01 10:03:04.000,PH,false,
acc_a2cf13c8de6d4afc,2026-03-01 11:29:04.000,PH,true,
acc_06c5ef331c5143d0,2026-03-01 03:26:27.000,VN,false,
acc_1748c8ea99de435b,2026-03-01 12:29:11.000,US,false,
acc_b867af3bbf1e4ff5,2026-03-01 19:26:34.000,BR,false,
acc_cab6e82e66b54e76,2026-03-01 05:33:52.000,DE,false,
acc_7fa83df4d7bc4192,2026-03-01 03:04:34.000,TH,false,
acc_b5d86df4764c44ea,2026-03-01 22:15:22.000,TH,true,2026-03-01 00:00:00.000
acc_10f8506ebafe4ce3,2026-03-01 03:26:40.000,BR,false,
acc_e5c84333b851450e,2026-03-01 20:32:34.000,TH,true,2026-03-02 00:00:00.000
acc_0e78b23a74944e8b,2026-03-01 06:59:30.000,US,false,
acc_c06b097a3efc4d14,2026-03-01 11:58:37.000,US,false,
acc_3091b5b962b141dc,2026-03-01 05:34:07.000,US,false,
acc_8c07227b8c7b4945,2026-03-01 18:53:53.000,JP,false,
acc_bca9472ee4a34615,2026-03-01 20:03:07.000,US,false,
acc_ebf7d95f837e4cae,2026-03-01 00:38:52.000,ID,true,2026-03-01 00:00:00.000
acc_30c1f996b03a4f36,2026-03-01 02:14:52.000,ID,false,
acc_6df699d4e40e4301,2026-03-01 20:04:17.000,US,true,2026-03-03 00:00:00.000
acc_e66d98633a8941d2,2026-03-01 11:26:31.000,CA,true,2026-03-01 00:00:00.000
acc_3a9367b815c444fb,2026-03-01 17:37:27.000,PH,true,2026-03-07 00:00:00.000
acc_3a802c0c1a90491f,2026-03-01 14:29:34.000,DE,false,
acc_5b11e8c731c7480f,2026-03-01 12:56:54.000,AU,false,
acc_c06c9f8f87ef4cf5,2026-03-01 22:00:26.000,VN,false,
acc_da7edcdfd1a443bf,2026-03-01 17:29:30.000,US,true,2026-03-02 00:00:00.000
acc_8a7d47fffcc04078,2026-03-01 13:08:50.000,BR,false,
acc_c7d6d746f2114eee,2026-03-01 02:05:53.000,ID,false,
acc_5a8ba5c343f64604,2026-03-01 16:19:22.000,GB,false,
acc_f30aeaa941e24b0f,2026-03-01 17:53:17.000,VN,false,
acc_5328fc82bef34cd2,2026-03-01 23:36:50.000,PH,true,2026-03-02 00:00:00.000
acc_88a13b6877c54bf1,2026-03-01 20:31:12.000,PH,false,
acc_16ed7a7c2a614304,2026-03-01 21:56:07.000,US,false,
acc_b196ed4338e6410d,2026-03-01 18:29:20.000,VN,false,
acc_330d5b71dbe846c9,2026-03-01 14:14:48.000,TH,false,
acc_c04b666e4bd746ea,2026-03-01 11:44:16.000,KR,false,
acc_2ff758532d934180,2026-03-01 13:46:27.000,TH,false,
acc_c4a3b59d3b4d4094,2026-03-01 22:48:42.000,US,false,
acc_4a4fb8a33ee54274,2026-03-01 09:41:56.000,BR,false,
acc_bc0a131b42664863,2026-03-01 09:10:17.000,PH,false,
acc_993444ba1d674a1f,2026-03-01 04:34:51.000,TH,true,2026-03-01 00:00:00.000
acc_3004866836e546ae,2026-03-01 06:01:47.000,US,false,
acc_dcb9b4d40327495b,2026-03-01 08:55:35.000,FR,true,2026-03-01 00:00:00.000
acc_0b27472e769e4aaa,2026-03-01 08:56:35.000,FR,false,
acc_35c4d0c6c62948ba,2026-03-01 13:01:35.000,FR,false,
acc_4fa3905b4bf34192,2026-03-01 07:33:50.000,CA,false,
acc_ec53e568e368482e,2026-03-01 14:03:25.000,PH,true,2026-03-03 00:00:00.000
acc_5492a87bad8d40ac,2026-03-01 04:35:09.000,ID,false,
acc_5c6e4c24ada84ab3,2026-03-01 05:32:09.000,ID,false,
acc_ee45469430cf4f59,2026-03-01 05:44:09.000,ID,false,
acc_0979eee4abcf48fc,2026-03-01 16:08:59.000,VN,false,
acc_70c30bf061914786,2026-03-01 19:01:59.000,VN,false,
acc_6014b77520364bd7,2026-03-01 08:06:40.000,KR,false,
acc_76381d4f72284539,2026-03-01 04:04:44.000,VN,false,
acc_675a33c0e63a406b,2026-03-01 23:34:32.000,PH,false,
acc_c699d2bba2e947cd,2026-03-01 05:43:06.000,VN,false,
acc_c9168d4bb0b64ecb,2026-03-01 06:48:32.000,JP,false,
acc_2cd5570153004f3a,2026-03-01 01:09:37.000,JP,false,
acc_e4658f2fdafc4042,2026-03-01 14:04:11.000,DE,false,
acc_e725a2b8e43248e1,2026-03-01 10:26:39.000,BR,false,
acc_ebdd907e7e014e85,2026-03-01 18:35:32.000,CA,false,
acc_690a58d158f04b5b,2026-03-01 09:50:27.000,DE,false,
acc_6462792f0ca2434d,2026-03-01 13:43:20.000,CA,false,
acc_9e7b9b62bbf94d19,2026-03-01 20:54:08.000,TH,false,
acc_d3120babe1794c08,2026-03-01 10:59:01.000,ID,true,2026-03-01 00:00:00.000
acc_f4d1d0438ed14262,2026-03-01 07:04:05.000,US,false,
acc_523eb014576e4d71,2026-03-01 06:44:19.000,US,false,
acc_da9a6348e01b4ef3,2026-03-01 13:25:22.000,PH,false,
acc_3408c1ff6ea640a4,2026-03-01 08:01:17.000,US,false,
acc_cd9ccfd0aad04524,2026-03-01 04:42:07.000,ID,false,
acc_e82356e66b234c7f,2026-03-01 23:04:31.000,TH,true,2026-03-11 00:00:00.000
acc_f2ffb654ff6d4511,2026-03-01 15:04:02.000,PH,false,
acc_8dfca52d7de8484a,2026-03-01 16:19:02.000,PH,true,2026-03-02 00:00:00.000
acc_7c0fce0067514fd2,2026-03-01 22:39:13.000,MX,false,
acc_e18119045be74c70,2026-03-01 19:53:28.000,FR,false,
acc_b4bb6a2da2e14993,2026-03-01 22:29:19.000,FR,false,
acc_42e92e164b8d47fa,2026-03-01 11:46:16.000,BR,true,2026-03-07 00:00:00.000
acc_3460ba5e28b546f9,2026-03-01 01:49:24.000,TH,false,
acc_8c1385cfc734423c,2026-03-01 04:14:05.000,CA,false,
acc_6f1dbf255778446e,2026-03-01 05:12:05.000,CA,false,
acc_229eda74d8d54b31,2026-03-01 09:31:20.000,FR,false,
acc_265b3c404b924782,2026-03-01 13:07:25.000,VN,false,
acc_ab91f37774b54b1f,2026-03-01 04:53:25.000,JP,false,
acc_1f3c89b86d8443c0,2026-03-01 01:59:46.000,BR,true,2026-03-14 00:00:00.000
acc_3b72bcdb59744067,2026-03-01 02:19:46.000,BR,false,
acc_4d0c589647154b76,2026-03-01 10:36:08.000,FR,false,
acc_1f5815708adc46fc,2026-03-01 06:35:02.000,KR,true,2026-03-06 00:00:00.000
acc_2515359fd2104872,2026-03-01 16:16:56.000,US,false,
acc_531eb485948b435a,2026-03-01 05:03:15.000,VN,true,2026-03-07 00:00:00.000
acc_65a4aabdc76d4d99,2026-03-01 15:35:16.000,VN,false,
acc_1c0b6553c3474eb3,2026-03-01 18:45:22.000,BR,true,2026-03-03 00:00:00.000
acc_de12860211f4412e,2026-03-01 12:40:44.000,VN,false,
acc_29c4c2fdf77b4384,2026-03-01 04:02:21.000,TH,false,
acc_7c7951645bc048f8,2026-03-01 01:55:58.000,PH,false,
acc_d8c0d532d05f4168,2026-03-01 03:46:58.000,PH,false,
acc_70a2490447f64892,2026-03-01 14:20:15.000,US,false,
acc_8c04702b9fe04669,2026-03-01 13:46:15.000,US,false,
acc_404c22099c264152,2026-03-01 17:04:17.000,US,true,2026-03-05 00:00:00.000
acc_cec534f26edf4576,2026-03-01 06:57:42.000,ID,false,
acc_24c95280160748e2,2026-03-01 20:06:58.000,VN,false,
acc_f17c8666e7054d2f,2026-03-01 09:03:57.000,BR,false,
acc_16f2000808d74ad4,2026-03-01 17:21:41.000,TH,true,2026-03-11 00:00:00.000
acc_1f6dc63ae24e4418,2026-03-01 08:24:13.000,BR,false,
acc_5e5a1cef8caa49fc,2026-03-01 13:14:08.000,GB,false,
acc_067a2558496c4b18,2026-03-01 06:41:25.000,ID,false,
acc_0edb3d4026644b88,2026-03-01 19:36:02.000,FR,false,
acc_5c3371608aac4545,2026-03-01 01:12:58.000,TH,false,
acc_f75f0d43598b41fc,2026-03-01 06:25:42.000,VN,true,2026-03-02 00:00:00.000
acc_cdce4b15a3574a36,2026-03-01 07:59:42.000,VN,false,
acc_356b7225ca984954,2026-03-01 12:39:11.000,US,false,
acc_0c97ac192ab54b92,2026-03-01 13:24:47.000,US,false,
acc_d13e942eab5a45d6,2026-03-01 05:08:21.000,ID,false,
acc_cc1c22a82596431c,2026-03-01 07:19:21.000,ID,false,
acc_4abbb3edfb8f41bb,2026-03-01 19:50:13.000,TH,false,
acc_104db59f3f894f84,2026-03-01 19:21:13.000,TH,false,
acc_bfab53b7d7184b89,2026-03-01 14:32:50.000,US,false,
acc_2e9faa06cc6b4c0e,2026-03-01 06:26:54.000,PH,false,
acc_6170686743d54849,2026-03-01 18:23:55.000,VN,true,2026-03-03 00:00:00.000
acc_49b5ae02a1d34a5b,2026-03-01 05:15:33.000,PH,false,
acc_2821b4b2c6b8494a,2026-03-01 13:29:16.000,PH,false,
acc_59689a4af0ef4c59,2026-03-01 20:30:59.000,VN,true,2026-03-04 00:00:00.000
acc_8894d4682f144065,2026-03-01 20:48:59.000,VN,false,
acc_e3927feb83b44b6d,2026-03-01 22:48:52.000,TH,false,
acc_6545b1ab501a409d,2026-03-01 17:57:46.000,PH,false,
acc_d977337c85ba407f,2026-03-01 20:54:40.000,CA,false,
acc_a564c7a98d664ff0,2026-03-01 07:56:49.000,BR,false,
acc_efa7ff88f6be49be,2026-03-01 06:41:37.000,FR,false,
acc_f056e644b9b74402,2026-03-01 03:31:05.000,KR,false,
acc_489ddc8df2674e82,2026-03-01 20:23:58.000,GB,true,2026-03-06 00:00:00.000
acc_9516f9854df84ca4,2026-03-01 09:44:10.000,VN,false,
acc_8d81501ac68d4e00,2026-03-01 04:03:07.000,BR,false,
acc_0dec53de47604be9,2026-03-01 05:34:07.000,BR,false,
acc_d2a677f8928d425b,2026-03-01 02:35:09.000,ID,false,
acc_17032bc1d10e41be,2026-03-01 20:27:03.000,PH,false,
acc_3b73dafbcda64e94,2026-03-01 21:53:35.000,TH,false,
acc_f28f3b47020147f4,2026-03-01 23:09:35.000,TH,false,
acc_b2b3d7c247bd4136,2026-03-01 08:12:14.000,BR,false,
acc_14ab630fd4bd46a6,2026-03-01 22:56:04.000,BR,false,
acc_22ccde818cc04103,2026-03-01 08:07:16.000,TH,false,
acc_274fbdf3ead84ebe,2026-03-01 03:53:22.000,TH,true,2026-03-02 00:00:00.000
acc_4183953d68144347,2026-03-01 05:01:07.000,VN,false,
acc_1347449203bd4647,2026-03-01 12:33:48.000,VN,false,
acc_571c74f39b1343e4,2026-03-01 14:37:08.000,TH,false,
acc_02152668b4814b56,2026-03-01 00:53:50.000,BR,false,
acc_9eec01a3a66d4653,2026-03-01 06:53:55.000,US,false,
acc_d3dca87a64174a80,2026-03-01 19:43:59.000,US,false,
acc_5753647b522649a2,2026-03-01 16:14:00.000,BR,false,
acc_f51294dcb9594c7e,2026-03-01 16:51:26.000,FR,false,
acc_7198aaf9c0834267,2026-03-01 17:18:26.000,FR,false,
acc_47a0da865a9940c0,2026-03-01 02:59:05.000,VN,false,
acc_327591e070474b6f,2026-03-01 04:11:37.000,TH,false,
acc_1b4f2771358c4a52,2026-03-01 00:36:53.000,ID,false,
acc_b7b797bd78fb45b3,2026-03-01 00:57:31.000,KR,false,
acc_13dd8a2d9d1b4b88,2026-03-01 08:27:20.000,VN,true,2026-03-06 00:00:00.000
acc_95d5bcd51d164ab3,2026-03-01 15:33:35.000,US,false,
acc_acfe467279964d85,2026-03-01 12:13:15.000,TH,false,
acc_726d53cd441b4fb5,2026-03-01 18:43:13.000,BR,false,
acc_49e3ac00b7714f54,2026-03-01 09:46:29.000,TH,false,
acc_ae35795a91f34a90,2026-03-01 06:15:30.000,US,false,
acc_83d559e57ea740e1,2026-03-01 21:35:43.000,PH,false,
acc_37701d8021544517,2026-03-01 08:29:09.000,GB,false,
acc_0ba22eeadc804660,2026-03-01 18:01:18.000,BR,false,
acc_977f449e52584b45,2026-03-01 15:10:34.000,PH,true,2026-03-05 00:00:00.000
acc_3b0c914226de4b33,2026-03-01 09:10:13.000,VN,false,
acc_bc3ba3d263b54035,2026-03-02 00:23:40.000,KR,false,
acc_0c198f54d30544a3,2026-03-01 14:03:35.000,ID,false,
acc_5f7e7204c00b4847,2026-03-01 13:44:59.000,ID,true,2026-03-08 00:00:00.000
acc_936ab91d4cdb48eb,2026-03-01 02:37:05.000,KR,false,
acc_be1f1f4afdc84bc5,2026-03-01 12:32:35.000,PH,false,
acc_6ff2d14eba1a47c1,2026-03-01 13:28:35.000,PH,true,2026-03-13 00:00:00.000
acc_5c7d11473c6442ee,2026-03-01 07:28:02.000,US,false,
acc_203c86fcd31d457b,2026-03-01 09:35:02.000,US,false,
acc_5235f9ccd5504e03,2026-03-01 19:54:21.000,BR,false,
acc_72272ce6ff8b4b5f,2026-03-01 03:47:22.000,US,true,2026-03-01 00:00:00.000
acc_e53068eed60a4c0c,2026-03-01 04:11:54.000,FR,false,
acc_0310366ef73c4e15,2026-03-01 10:16:17.000,BR,false,
acc_1031e334903a406d,2026-03-01 08:19:20.000,DE,false,
acc_7b806f8041d64ffe,2026-03-01 21:37:35.000,VN,false,
acc_1293a76666d54479,2026-03-01 12:53:33.000,PH,false,
acc_7198d409c17f4193,2026-03-01 12:41:13.000,JP,false,
acc_2022da3308b44263,2026-03-01 14:42:13.000,JP,false,
acc_c6a0a880a3d143aa,2026-03-01 04:20:33.000,ID,false,
acc_e64d959cce374c16,2026-03-01 08:46:20.000,BR,false,
acc_c393884a4b8d45cd,2026-03-01 07:28:36.000,VN,true,2026-03-03 00:00:00.000
acc_5d238dd6598246d9,2026-03-01 03:07:26.000,DE,false,
acc_e17667659b814e6a,2026-03-01 21:42:37.000,BR,false,
acc_34282e5baa07482b,2026-03-01 14:12:52.000,ID,true,2026-03-01 00:00:00.000
acc_399312d2ef7242db,2026-03-01 20:34:03.000,PH,false,
acc_a02c11e2a00e44e5,2026-03-01 20:44:12.000,ID,false,
acc_78fe0efa39924dcd,2026-03-01 18:58:59.000,US,false,
acc_b0ce90ebc2394587,2026-03-01 23:09:44.000,BR,false,
acc_ec30e25a27e04178,2026-03-01 00:45:50.000,US,false,
acc_b6e59634d82842ea,2026-03-01 19:21:18.000,PH,false,
acc_72d11376ea03451d,2026-03-01 11:37:46.000,FR,false,
acc_5a00243a64fa44b1,2026-03-01 03:40:35.000,MX,false,
acc_c0e204faaca545eb,2026-03-01 03:43:26.000,GB,false,
acc_a7130381b4e1456a,2026-03-01 04:59:26.000,GB,false,
acc_5e49b2a4773a452a,2026-03-01 07:33:54.000,US,true,2026-03-08 00:00:00.000
acc_40a702e0766e4d4d,2026-03-01 18:56:48.000,BR,true,2026-03-03 00:00:00.000
acc_b1200fda54f845e1,2026-03-01 20:59:45.000,TH,false,
acc_fc42c10d937348e1,2026-03-01 13:02:01.000,JP,false,
acc_c8e8cc9566cd48a4,2026-03-01 22:06:36.000,US,false,
acc_d3a73c9740874a9b,2026-03-01 04:47:07.000,US,false,
acc_eee7bc20da5242a5,2026-03-01 10:20:42.000,BR,false,
acc_292d40cd6a0f4eaa,2026-03-01 20:39:21.000,ID,true,2026-03-02 00:00:00.000
acc_858ddbe0c2fe42da,2026-03-01 18:54:54.000,ID,false,
acc_f10e5c662f1f4987,2026-03-01 02:26:36.000,KR,false,
acc_8c3c373e52834873,2026-03-01 19:40:54.000,ID,false,
acc_4bacfc4efa46420c,2026-03-01 20:42:54.000,ID,false,
acc_2d2bc1ba4cd449a5,2026-03-01 17:31:30.000,US,false,
acc_520e3cdcba064557,2026-03-01 06:17:30.000,ID,false,
acc_836ca3a5cb9949d2,2026-03-01 20:38:58.000,PH,false,
acc_6812eacc0a5146fd,2026-03-01 18:31:26.000,PH,true,2026-03-02 00:00:00.000
acc_e0f41c05b4ca4158,2026-03-01 03:14:42.000,TH,true,2026-03-02 00:00:00.000
acc_a75707a5bbdc4626,2026-03-01 18:26:28.000,US,false,
acc_6b1c9198e8174ab2,2026-03-01 07:31:49.000,US,false,
acc_17927544645d4dbb,2026-03-01 08:26:49.000,US,false,
acc_bd2894f4109d4b55,2026-03-01 03:21:29.000,ID,false,
acc_2b937a8ef5e74e91,2026-03-01 16:20:53.000,CA,false,
acc_b762bbd974a8402d,2026-03-01 11:14:20.000,US,false,
acc_10abbbcdb6f84319,2026-03-01 15:48:06.000,JP,false,
acc_6f61f3b9898a4211,2026-03-01 06:28:48.000,BR,false,
acc_d3c5ce3b3a784651,2026-03-01 10:23:06.000,US,true,
acc_a66f96acf8c24d9f,2026-03-01 17:38:05.000,US,false,
acc_ed7a6810fc6b41ca,2026-03-01 02:03:47.000,FR,false,
acc_adebe21fc8784926,2026-03-01 18:54:31.000,DE,true,2026-03-03 00:00:00.000
acc_5cc7c1906c554af9,2026-03-01 14:14:40.000,GB,false,
acc_7e3d3adfa9534f5e,2026-03-01 00:57:51.000,PH,false,
acc_c5a6d65cd38f47cb,2026-03-01 12:04:07.000,JP,false,
acc_b8ed43a0554d45a1,2026-03-01 14:20:17.000,VN,true,2026-03-03 00:00:00.000
acc_4a47681d22534a64,2026-03-01 05:39:27.000,GB,true,2026-03-08 00:00:00.000
acc_6badb089c93c4388,2026-03-01 18:55:08.000,DE,false,
acc_7d839568f86f4065,2026-03-01 01:22:27.000,US,true,2026-03-05 00:00:00.000
acc_7d0b2f8d84d84afe,2026-03-01 02:18:27.000,US,false,
acc_4862a072ddb0412a,2026-03-01 09:34:37.000,US,false,
acc_e8acf633cd824eb5,2026-03-01 01:47:02.000,VN,true,2026-03-01 00:00:00.000
acc_88688bc2a91640bc,2026-03-01 03:28:02.000,VN,true,2026-03-02 00:00:00.000
acc_9cded55895114caf,2026-03-01 11:11:22.000,JP,false,
acc_a29e277283ec468a,2026-03-01 15:34:01.000,BR,true,2026-03-02 00:00:00.000
acc_893942fc8cd44912,2026-03-01 02:15:57.000,FR,false,
acc_6eb651745faf48a0,2026-03-01 04:05:16.000,ID,false,
acc_349a1cce5a0b4dd2,2026-03-01 03:04:45.000,GB,true,2026-03-04 00:00:00.000
acc_b736874ba736436d,2026-03-01 07:34:13.000,PH,false,
acc_b6e1b11737184707,2026-03-01 10:00:13.000,PH,false,
acc_4f2b4ffe2ffe46e9,2026-03-01 07:14:08.000,DE,false,
acc_c481263686cf444a,2026-03-01 07:45:29.000,KR,false,
acc_662e4d69966743dd,2026-03-01 09:09:58.000,BR,false,
acc_f7a714c1ce0845fd,2026-03-01 09:47:58.000,BR,false,
acc_5fffbca03a6442a9,2026-03-01 16:57:29.000,US,false,
acc_3df4d7dd19ca4c64,2026-03-01 03:09:32.000,US,false,
acc_cfcd6efa9e53499b,2026-03-01 13:46:46.000,GB,false,
acc_2193a3cc094a431a,2026-03-01 08:14:50.000,GB,true,
acc_679c0fd730624ed8,2026-03-01 22:05:01.000,ID,false,
acc_38836926df6a44e9,2026-03-01 16:16:05.000,US,false,
acc_aeea6cad57234578,2026-03-01 03:18:44.000,PH,false,
acc_672445d356d74b5b,2026-03-01 00:54:38.000,BR,true,2026-03-14 00:00:00.000
acc_140e518db11f4f59,2026-03-01 16:47:20.000,DE,true,2026-03-01 00:00:00.000
acc_c08f991ffbde490d,2026-03-01 12:18:39.000,PH,true,2026-03-04 00:00:00.000
acc_9efc6f39ffc8495c,2026-03-01 04:08:24.000,BR,false,
acc_b15ab01e687f4263,2026-03-01 03:45:32.000,GB,false,
acc_23335b0cb2de4391,2026-03-01 18:52:40.000,CA,false,
acc_1361db12eee841f2,2026-03-01 19:45:40.000,CA,false,
acc_c6551b7df2bd4aa2,2026-03-01 06:31:02.000,VN,false,
acc_04c22b26f6754745,2026-03-01 08:14:34.000,TW,true,
acc_56a800b80efa47ed,2026-03-01 05:46:20.000,ID,false,
acc_4b5156900f144459,2026-03-01 12:41:31.000,GB,false,
acc_5c3fbadcfc954387,2026-03-01 21:51:59.000,GB,false,
acc_0cb780cf69ab4c2e,2026-03-01 14:55:18.000,US,false,
acc_e552b1e12da345cf,2026-03-01 17:41:04.000,DE,false,
acc_bdcbb85cf0764874,2026-03-01 04:55:55.000,KR,false,
acc_394105ae6c194221,2026-03-01 05:16:55.000,KR,false,
acc_a8630c8f4ba64fa6,2026-03-01 06:02:14.000,PH,false,
acc_5668da32ff8f4b9b,2026-03-01 10:41:28.000,GB,false,
acc_3444ac9a54154bd5,2026-03-01 16:21:33.000,TH,true,2026-03-02 00:00:00.000
acc_527f33f3dda9443c,2026-03-01 14:11:20.000,BR,false,
acc_107a4422a9534e27,2026-03-01 14:56:20.000,BR,false,
acc_c03af554c70b47f8,2026-03-01 18:50:34.000,VN,false,
acc_aeed0261f99745c1,2026-03-01 19:30:34.000,VN,true,2026-03-02 00:00:00.000
acc_f7edc52c01c04a08,2026-03-01 20:54:10.000,KR,false,
acc_6b560a7b3a594d5d,2026-03-01 08:50:57.000,US,false,
acc_6f69315b590f4204,2026-03-01 11:02:57.000,US,false,
acc_48871d4f1e0140cc,2026-03-01 05:30:32.000,TH,false,
acc_0c6ab694f4f245f4,2026-03-01 13:58:17.000,TH,false,
acc_aee204deb13d4890,2026-03-01 19:56:16.000,BR,false,
acc_8d7b38f18ce24410,2026-03-01 13:52:54.000,PH,true,2026-03-09 00:00:00.000
acc_e2f89b7d99084913,2026-03-01 11:09:40.000,VN,false,
acc_1c4be0c96cf04b1a,2026-03-01 07:52:29.000,BR,false,
acc_d13e57748a7b47c8,2026-03-01 08:03:35.000,US,false,
acc_77164d85661a4d0a,2026-03-01 05:44:34.000,ID,false,
acc_bafcae1796d74a14,2026-03-01 16:05:39.000,AU,true,2026-03-11 00:00:00.000
acc_6bb02feea6424f59,2026-03-01 03:10:02.000,VN,true,2026-03-03 00:00:00.000
acc_145f7d5acdb14ad7,2026-03-01 20:30:20.000,BR,false,
acc_3b45acd76ffe4923,2026-03-01 10:10:07.000,PH,false,
acc_cdfaffaa6ac04474,2026-03-01 22:21:03.000,FR,false,
acc_f3acd16a88dd4244,2026-03-01 10:43:11.000,GB,true,
acc_28cbf60587e34be8,2026-03-01 18:45:40.000,KR,false,
acc_51162bec3733499c,2026-03-01 03:00:03.000,ID,true,2026-03-01 00:00:00.000
acc_a3c3b428497c4e50,2026-03-01 23:00:28.000,KR,false,
acc_4171e7b9588340fb,2026-03-01 01:02:43.000,KR,true,2026-03-10 00:00:00.000
acc_586420072e914c5b,2026-03-01 06:03:47.000,VN,false,
acc_e21eca732d954b58,2026-03-01 07:40:12.000,ID,false,
acc_5f37782e2fab4c6c,2026-03-01 22:04:35.000,GB,false,
acc_20861a85b6644fd8,2026-03-01 06:26:43.000,US,false,
acc_57291b399ec742c9,2026-03-01 17:03:53.000,US,false,
acc_a4fd3af23c9e4a0e,2026-03-01 16:58:13.000,CA,false,
acc_ce80e826242c4684,2026-03-01 04:47:59.000,BR,false,
acc_ad34ab24c70c44ab,2026-03-01 22:49:41.000,US,false,
acc_c40fbf738b5f4d3e,2026-03-01 23:13:06.000,ID,true,2026-03-11 00:00:00.000
acc_2df0dfa9db6c4638,2026-03-01 10:19:32.000,GB,false,
acc_e7a6cc60d09a4d14,2026-03-01 01:35:27.000,US,false,
acc_7452a619c32e40d0,2026-03-01 19:51:10.000,AU,false,
acc_d23a9293e6ee4b5c,2026-03-01 21:31:10.000,AU,false,
acc_ba6f5f3f20784f89,2026-03-01 12:44:10.000,VN,true,2026-03-06 00:00:00.000
acc_15fe3c2596f04293,2026-03-01 14:48:10.000,VN,false,
acc_24ae0187fdee4775,2026-03-01 14:58:10.000,VN,true,2026-03-02 00:00:00.000
acc_0c33aeecfcad41f5,2026-03-01 17:49:48.000,GB,false,
acc_bc7265a12af9457f,2026-03-01 18:43:48.000,GB,false,
acc_8f698ae1759e4d07,2026-03-01 22:17:04.000,JP,false,
acc_5a8c6194d9874caa,2026-03-01 05:29:07.000,PH,false,
acc_d87756d9dfe2421b,2026-03-01 12:50:40.000,TH,false,
acc_4e6162e7603a4c43,2026-03-01 04:26:17.000,TH,false,
acc_2c2720dd5afe441a,2026-03-01 03:02:42.000,DE,false,
acc_0f7bba4d37df483d,2026-03-01 15:22:00.000,PH,false,
acc_13dff45fdaa148e5,2026-03-01 10:03:36.000,PH,false,
acc_4a2a6af21a434132,2026-03-01 15:27:21.000,US,false,
acc_65a7654b47bb48e2,2026-03-01 22:27:33.000,CA,true,2026-03-02 00:00:00.000
acc_184fd3bdbce349cc,2026-03-01 23:25:33.000,CA,false,
acc_061a95c5118b4080,2026-03-02 00:33:33.000,CA,false,
acc_11b6bd763c8845c7,2026-03-01 13:06:28.000,BR,false,
acc_f1f158b5f79e4eb3,2026-03-01 22:10:58.000,GB,false,
acc_daf3226b5eb54b66,2026-03-01 04:35:55.000,BR,false,
acc_1404432a4f194d22,2026-03-01 08:04:20.000,PH,false,
acc_9ec651e313b64d29,2026-03-01 19:22:38.000,VN,false,
acc_27120f6d9e9f4adc,2026-03-01 07:50:33.000,PH,false,
acc_73fdb52dd208454d,2026-03-01 23:11:04.000,TH,false,
acc_7d1b08625ab64fa7,2026-03-01 09:40:06.000,TH,false,
acc_9e6bdcdec8c24bb7,2026-03-01 06:56:35.000,KR,true,2026-03-05 00:00:00.000
acc_76e96089c1c54c1e,2026-03-01 18:24:46.000,BR,false,
acc_9383b2b9b8144b6b,2026-03-01 10:02:31.000,VN,false,
acc_337ef5d54a75417e,2026-03-01 16:40:46.000,PH,false,
acc_7f6002f3de6d4a5e,2026-03-01 02:00:14.000,US,false,
acc_b0cddc21f0174310,2026-03-01 02:12:40.000,FR,false,
acc_d572596082794fdb,2026-03-01 16:09:44.000,US,false,
acc_3536188bbaff4e93,2026-03-01 17:53:44.000,US,false,
acc_b3b4c325afbd4dfb,2026-03-01 20:07:39.000,ID,false,
acc_b6eed2f040534762,2026-03-01 01:12:39.000,KR,false,
acc_d4f0001deefc40f8,2026-03-01 19:21:15.000,MX,false,
acc_6047c601a7914440,2026-03-01 05:42:06.000,ID,false,
acc_5a4543969ae343b9,2026-03-01 01:00:11.000,US,false,
acc_151e52a5607f4f42,2026-03-01 05:04:55.000,PH,false,
acc_d68fdecd9c204508,2026-03-01 06:41:32.000,US,false,
acc_a491dba0a07c4c30,2026-03-01 19:47:23.000,DE,false,
acc_8e3301cbb23c409d,2026-03-01 05:09:40.000,MX,false,
acc_ee70d928a9db4604,2026-03-01 01:35:34.000,US,false,
acc_0291bd44736a4d4e,2026-03-01 14:40:19.000,VN,false,
acc_4b53182a84de45cd,2026-03-01 21:41:05.000,TH,false,
acc_1a73330c78c9414a,2026-03-01 01:31:03.000,TH,false,
acc_d61259339bc34dce,2026-03-01 03:04:03.000,TH,true,2026-03-01 00:00:00.000
acc_37f884c8343d48a1,2026-03-01 12:57:00.000,TH,false,
acc_57cd7155ea544e74,2026-03-01 15:53:31.000,BR,false,
acc_994a9e9b80b64ed1,2026-03-01 21:23:27.000,ID,true,2026-03-01 00:00:00.000
acc_970bbd48f8f44799,2026-03-01 17:26:44.000,TH,false,
acc_62872b6c62574d78,2026-03-01 13:06:42.000,US,false,
acc_118dcb36e0ab4662,2026-03-01 16:10:09.000,VN,false,
acc_ff889446079d486b,2026-03-01 18:49:09.000,VN,false,
acc_fd92fa5ff2d545d5,2026-03-01 13:26:50.000,TH,false,
acc_a8725f907a294f72,2026-03-01 04:29:17.000,GB,false,
acc_6ef9e6dc78e641ac,2026-03-01 18:01:42.000,FR,false,
acc_655c21e5a0ac442b,2026-03-01 18:38:42.000,FR,false,
acc_e37a419c89e84fa2,2026-03-01 10:56:23.000,VN,false,
acc_a0553a37bfdb4fd5,2026-03-01 12:18:23.000,VN,false,
acc_f4475a4b8d9840db,2026-03-01 05:36:09.000,US,true,2026-03-03 00:00:00.000
acc_a5255da3de7f4b25,2026-03-01 06:07:09.000,US,false,
acc_dcf9fa2054e64de8,2026-03-01 09:37:24.000,CA,false,
acc_9ce96f1f72f74fa7,2026-03-01 04:59:45.000,BR,false,
acc_ac426ef2e3414895,2026-03-01 13:42:38.000,CA,false,
acc_42e9dfbab5b9453a,2026-03-01 21:26:28.000,PH,false,
acc_bc0e8704f3674eb9,2026-03-01 08:14:01.000,US,false,
acc_8458c59d89004b96,2026-03-01 10:25:13.000,US,false,
acc_4c37b2fdf01f4742,2026-03-01 23:00:53.000,VN,false,
acc_b98c3c8a1f454f04,2026-03-01 01:00:02.000,PH,false,
acc_b43449ca39764fbb,2026-03-01 16:09:12.000,TH,true,2026-03-06 00:00:00.000
acc_0a2d1400d61a4451,2026-03-01 17:47:06.000,BR,false,
acc_b35ac80607f34e7b,2026-03-01 15:11:52.000,US,false,
acc_4dd5bd8a2d1c48ac,2026-03-01 21:29:40.000,TH,true,2026-03-08 00:00:00.000
acc_b106197f7745406b,2026-03-01 11:48:45.000,ID,false,
acc_33323aa5f4744d2c,2026-03-01 14:58:39.000,US,true,2026-03-02 00:00:00.000
acc_3f09e89b4c8047c1,2026-03-01 16:37:39.000,US,false,
acc_7d6268d1c0d1432b,2026-03-01 02:34:02.000,TW,true,2026-03-03 00:00:00.000
acc_4e5c30555a164a40,2026-03-01 10:35:48.000,US,false,
acc_3124527049084342,2026-03-01 05:26:44.000,US,false,
acc_99b0b3dd22054f28,2026-03-01 09:50:05.000,KR,false,
acc_ac73778f1dc84af1,2026-03-01 20:39:41.000,JP,false,
acc_bf33142f53b24e93,2026-03-01 01:53:29.000,ID,false,
acc_c55b038d3ec04274,2026-03-01 03:31:29.000,ID,false,
acc_c74ebda0c3c14fc0,2026-03-01 18:14:56.000,FR,true,2026-03-02 00:00:00.000
acc_23917066ef2243cf,2026-03-01 03:58:21.000,PH,false,
acc_566ffdc4b4ab4172,2026-03-01 04:27:11.000,BR,false,
acc_c2a7c6d59b4a401f,2026-03-01 05:52:55.000,GB,true,2026-03-01 00:00:00.000
acc_04da54dd206c42ee,2026-03-01 06:15:01.000,CA,false,
acc_1ff9059e560442a4,2026-03-01 09:31:44.000,ID,false,
acc_5ce76187c29e4c01,2026-03-01 18:55:10.000,US,false,
acc_e08846ecbdda480d,2026-03-01 04:04:54.000,CA,false,
acc_2ffde36946c94ab9,2026-03-01 04:11:18.000,ID,true,
acc_e8706b6691164e92,2026-03-01 07:16:04.000,ID,true,2026-03-01 00:00:00.000
acc_1fda93c1836b47ae,2026-03-01 06:01:04.000,ID,false,
acc_b5ce889fdab94884,2026-03-01 08:07:04.000,ID,false,
acc_83094ddde7064ca2,2026-03-01 22:11:20.000,ID,false,
acc_281a5df3e67b4fc5,2026-03-01 06:45:00.000,BR,false,
acc_2a6f16711d504a18,2026-03-01 18:29:32.000,AU,false,
acc_5ca741074f6b4bd1,2026-03-01 12:23:01.000,CA,false,
acc_1a53880d4d58457d,2026-03-01 19:10:28.000,US,false,
acc_550eaada4953416e,2026-03-01 13:14:46.000,VN,false,
acc_ac967ce173164c46,2026-03-01 09:49:46.000,TW,false,
acc_f972d83c9e4c4152,2026-03-01 23:28:48.000,ID,true,2026-03-01 00:00:00.000
acc_56aab9897e7a469c,2026-03-01 19:51:37.000,BR,false,
acc_3ef0425400024c09,2026-03-01 20:01:37.000,BR,true,2026-03-03 00:00:00.000
acc_66fffa60cac04f06,2026-03-01 10:46:07.000,US,false,
acc_f05115f952f8435f,2026-03-01 05:17:21.000,KR,false,
acc_6f86715318004f2b,2026-03-01 07:05:21.000,KR,false,
acc_fcb15570e1da4420,2026-03-01 04:42:09.000,KR,false,
acc_623ddc32ac974dfc,2026-03-01 10:14:54.000,GB,false,
acc_7fe97b5a963448d6,2026-03-01 16:41:41.000,TH,false,
acc_49076a6f814641aa,2026-03-01 20:40:12.000,AU,false,
acc_4990a5786c854a50,2026-03-01 16:44:38.000,US,false,
acc_5d7b947e5e1f4985,2026-03-01 13:32:59.000,DE,true,2026-03-02 00:00:00.000
acc_7e8013df14ed424f,2026-03-01 20:36:02.000,BR,false,
acc_6a4831dee6d54682,2026-03-01 05:29:31.000,TH,false,
acc_3e66a41c3e6d43ff,2026-03-01 19:49:40.000,TH,false,
acc_9ce0e1b4b4614967,2026-03-01 17:57:19.000,US,true,2026-03-08 00:00:00.000
acc_efbab331770a4d9c,2026-03-01 13:52:45.000,PH,false,
acc_e5d7108c09de4be8,2026-03-01 16:19:01.000,PH,false,
acc_d88400f4c10742f1,2026-03-01 12:43:20.000,ID,true,2026-03-06 00:00:00.000
acc_00dde1b2228e462b,2026-03-01 23:11:29.000,PH,true,2026-03-01 00:00:00.000
acc_3e6b293238634fa7,2026-03-01 12:04:44.000,BR,true,2026-03-03 00:00:00.000
acc_ce52f2fef819492e,2026-03-01 06:51:30.000,BR,false,
acc_5dc1aebf64944f55,2026-03-01 06:02:44.000,CA,false,
acc_f4b9ec9ccf004630,2026-03-01 02:10:18.000,BR,false,
acc_7cb87238db504d97,2026-03-01 20:16:03.000,FR,false,
acc_4d7adf51b24a4de2,2026-03-01 23:10:45.000,KR,false,
acc_cdebad8e46c94090,2026-03-01 07:48:11.000,BR,false,
acc_c3e9211460da4b63,2026-03-01 22:37:44.000,BR,false,
acc_0572a271307140b8,2026-03-01 09:22:02.000,JP,false,
acc_ce0c1e05f1ef454c,2026-03-01 15:52:22.000,BR,false,
acc_004eac655a984fe6,2026-03-01 15:37:22.000,BR,false,
acc_615c2a8079fb40db,2026-03-01 20:28:19.000,BR,false,
acc_2527022a5daf442d,2026-03-01 13:57:14.000,KR,false,
acc_79acc5aecef149e1,2026-03-01 17:45:27.000,BR,false,
acc_cbded46049c94fea,2026-03-01 20:38:27.000,BR,false,
acc_c87b1ddb8222464c,2026-03-01 05:12:44.000,US,true,2026-03-02 00:00:00.000
acc_cddb26a3130b4c0d,2026-03-01 18:32:10.000,VN,false,
acc_0e99158a9aa0416a,2026-03-01 08:47:30.000,TH,false,
acc_f185037df8814bfc,2026-03-01 07:41:46.000,KR,false,
acc_a0c2c317b126464d,2026-03-01 12:16:07.000,FR,false,
acc_437bba90f8eb4586,2026-03-01 03:42:13.000,ID,false,
acc_42cd91f11f61401f,2026-03-01 05:23:21.000,BR,false,
acc_6f8e4cfcb4e44e0b,2026-03-01 18:00:03.000,ID,false,
acc_903f1732c9374ead,2026-03-01 14:58:34.000,TH,true,2026-03-14 00:00:00.000
acc_473f2319f3264df3,2026-03-01 06:57:49.000,ID,false,
acc_e0c8fb1992ee4c67,2026-03-01 05:02:58.000,BR,false,
acc_6fe64c81785c4089,2026-03-01 21:17:23.000,GB,false,
acc_816698e3368b4f02,2026-03-01 21:27:23.000,GB,false,
acc_53ef9d7303ca418e,2026-03-01 16:00:29.000,ID,false,
acc_420e66ffb6864c64,2026-03-01 23:09:29.000,PH,false,
acc_5bed3d66862f4191,2026-03-01 14:51:57.000,PH,false,
acc_eb341a69aa1d4377,2026-03-01 10:33:31.000,TH,false,
acc_86834f9aefad4464,2026-03-01 11:00:31.000,TH,false,
acc_ea34461fad1f4b8b,2026-03-01 16:47:10.000,AU,true,2026-03-08 00:00:00.000
acc_2e5551c900994c08,2026-03-01 22:28:18.000,US,false,
acc_914961f6c8c64f48,2026-03-01 22:59:18.000,US,false,
acc_5f81d4317afd40d4,2026-03-01 09:59:45.000,PH,false,
acc_2675ede0873243cf,2026-03-01 12:18:20.000,ID,false,
acc_b1348539996b44fb,2026-03-01 21:59:10.000,CA,false,
acc_a609a34863354911,2026-03-01 15:01:47.000,US,false,
acc_86a063ef971a4d30,2026-03-01 07:13:46.000,BR,false,
acc_e5ba3a2a235e416a,2026-03-01 03:23:07.000,BR,false,
acc_80cb60a8b6fb4c99,2026-03-01 04:12:07.000,BR,false,
acc_b5043560d75f48fb,2026-03-01 13:36:59.000,BR,false,
acc_efb4d59d00f94b0c,2026-03-01 04:31:54.000,US,false,
acc_9ef8eb8e89804395,2026-03-01 22:16:29.000,US,false,
acc_c4212b743dfc43cd,2026-03-01 14:53:08.000,ID,false,
acc_c2ab82de47974c7e,2026-03-01 18:03:04.000,US,false,
acc_c6092368a4124b3f,2026-03-01 10:53:30.000,TW,true,2026-03-04 00:00:00.000
acc_c91ff7a2cbe9466b,2026-03-01 11:00:30.000,TW,false,
acc_57c6e976431c4b20,2026-03-01 12:45:30.000,TW,false,
acc_df503f46b8934835,2026-03-01 03:05:23.000,PH,false,
acc_257c0591175f48ee,2026-03-01 21:02:06.000,BR,true,2026-03-02 00:00:00.000
acc_57e3951cfada4ae1,2026-03-01 06:04:41.000,VN,false,
acc_cac7596f016e411c,2026-03-01 03:13:26.000,MX,true,2026-03-10 00:00:00.000
acc_f0f782f33f834e27,2026-03-01 10:33:41.000,US,false,
acc_dd010186d0aa4f8c,2026-03-01 23:11:42.000,VN,true,2026-03-03 00:00:00.000
acc_787f0a498d174433,2026-03-01 02:39:19.000,PH,false,
acc_ebc32eff509b4bfa,2026-03-01 13:32:28.000,BR,false,
acc_d29271daac9c41d2,2026-03-01 18:32:13.000,US,false,
acc_c86bfe0cffc34990,2026-03-01 16:14:55.000,BR,true,2026-03-02 00:00:00.000
acc_2c41456573914555,2026-03-01 04:34:20.000,JP,false,
acc_3b7975695ad44d4b,2026-03-01 08:15:31.000,CA,false,
acc_b4f80a1a2bc84dab,2026-03-01 07:59:13.000,US,true,2026-03-10 00:00:00.000
acc_4b1ad59e6b104d85,2026-03-01 13:23:19.000,US,false,
acc_a51e87e0b0fd40cf,2026-03-01 07:57:00.000,VN,false,
acc_913747546efc40e2,2026-03-01 16:32:19.000,ID,true,2026-03-01 00:00:00.000
acc_5cdc4ebf6d7e49ea,2026-03-01 15:54:32.000,FR,false,
acc_b59eb90d0db14efc,2026-03-01 19:26:18.000,BR,true,2026-03-01 00:00:00.000
acc_2119624776f840da,2026-03-01 12:13:07.000,PH,false,
acc_3044dd1fa5184187,2026-03-01 19:09:38.000,BR,true,2026-03-13 00:00:00.000
acc_3b7ab83e09d44e2c,2026-03-01 19:53:38.000,BR,false,
acc_05ddca101d844942,2026-03-01 20:56:48.000,BR,false,
acc_0a33ca5353fc40ae,2026-03-01 06:54:24.000,GB,false,
acc_c9c4c3fab60a4df1,2026-03-01 14:22:53.000,US,false,
acc_bd6a3ea9dae543f8,2026-03-01 21:53:22.000,PH,false,
acc_7d54a5d403b54b6a,2026-03-01 03:37:13.000,US,false,
acc_a670c4245ca84b01,2026-03-01 19:10:41.000,ID,true,
acc_77fc31dcc0a9482b,2026-03-01 09:39:56.000,US,false,
acc_7b1ae503fc014ab8,2026-03-01 03:18:03.000,US,true,2026-03-04 00:00:00.000
acc_efdd50786a6c4c65,2026-03-01 04:18:51.000,US,false,
acc_d8e75a10b6674fdf,2026-03-01 03:49:16.000,GB,false,
acc_83139f1a65574891,2026-03-01 11:23:29.000,US,true,2026-03-03 00:00:00.000
acc_f055898d77174e6a,2026-03-01 11:32:23.000,ID,false,
acc_7ea3cd5d32d84202,2026-03-01 14:14:29.000,GB,false,
acc_e4fbca44d5444970,2026-03-01 01:52:38.000,TH,false,
acc_ebad616c856c43b8,2026-03-01 12:59:30.000,JP,false,
acc_6e22419bc0bf446c,2026-03-01 05:42:24.000,US,true,2026-03-10 00:00:00.000
acc_c9bfa1f9840b46f8,2026-03-01 13:15:31.000,US,false,
acc_d64ba00e0e994ae9,2026-03-01 14:11:18.000,VN,false,
acc_ffe17706db9e45b5,2026-03-01 07:29:54.000,TH,false,
acc_1e29f32a47694046,2026-03-01 15:12:59.000,TH,false,
acc_38c13ea73b234204,2026-03-01 05:14:00.000,BR,false,
acc_c79a49f0a20a4dae,2026-03-01 14:02:13.000,US,false,
acc_0b79305636434472,2026-03-01 10:14:27.000,US,false,
acc_1a2e4285bd914370,2026-03-01 22:03:32.000,JP,false,
acc_6553e23d21334e80,2026-03-01 12:18:04.000,KR,false,
acc_27f9ea0c01c24d69,2026-03-01 12:01:12.000,US,false,
acc_31e678a35bc24727,2026-03-01 13:01:23.000,KR,false,
acc_01b0c9789c1740f2,2026-03-01 01:28:27.000,ID,false,
acc_0b19b762029e46c8,2026-03-01 05:14:22.000,VN,true,2026-03-10 00:00:00.000
acc_b10e8438a5984e98,2026-03-01 20:43:39.000,US,false,
acc_0eebce7b7a97497d,2026-03-01 12:48:17.000,PH,false,
acc_a455c74fd6ac4bc0,2026-03-01 15:32:50.000,BR,false,
acc_c65f028087804bd7,2026-03-01 20:48:39.000,JP,false,
acc_0ffb3a579d94439c,2026-03-01 01:47:57.000,US,true,2026-03-06 00:00:00.000
acc_114d4f69f49d44b4,2026-03-01 00:50:18.000,US,true,2026-03-02 00:00:00.000
acc_8c5f2e51f12d4453,2026-03-01 11:07:24.000,US,false,
acc_4e969683f6504e95,2026-03-01 19:26:33.000,CA,true,2026-03-03 00:00:00.000
acc_7b0de01e1f684c9a,2026-03-01 16:33:38.000,PH,false,
acc_13a5369cf616469d,2026-03-01 08:42:44.000,DE,true,2026-03-03 00:00:00.000
acc_a761aa1c79cc4716,2026-03-01 17:23:28.000,VN,false,
acc_8a93756458744ba0,2026-03-01 15:58:28.000,VN,false,
acc_09e31d9a11bf4c60,2026-03-01 20:11:34.000,BR,false,
acc_1ce88cd55fcf4d23,2026-03-01 20:50:34.000,BR,false,
acc_4f0b8a820c22450a,2026-03-02 00:06:59.000,US,true,
acc_53147ab1f7fa402e,2026-03-01 17:26:43.000,GB,false,
acc_7794cd13d0694e0e,2026-03-01 03:04:10.000,BR,false,
acc_8ea0a4d0254b4500,2026-03-01 09:22:14.000,TH,false,
acc_07b57b85d8af4371,2026-03-01 16:28:15.000,VN,false,
acc_0186686b1e394413,2026-03-01 13:02:06.000,PH,false,
acc_8fd3ce33e4094454,2026-03-01 22:41:45.000,FR,false,
acc_190f80c5ffff49e3,2026-03-01 19:02:47.000,US,false,
acc_5d4c54850358407b,2026-03-01 06:55:44.000,BR,false,
acc_df757aa517c8444d,2026-03-01 07:32:00.000,VN,false,
acc_f8823645b06640e1,2026-03-01 03:58:40.000,KR,true,2026-03-05 00:00:00.000
acc_7df2be38fc9740c3,2026-03-01 16:15:30.000,US,false,
acc_6aa34509404f46c5,2026-03-01 17:25:30.000,US,false,
acc_6bbcf8b9fb0a42a5,2026-03-01 23:46:14.000,ID,false,
acc_3346512f94e842c1,2026-03-01 20:04:12.000,TH,false,
acc_2f0fa2aaa2104d28,2026-03-01 21:51:12.000,TH,false,
acc_fdf91f54d8cb49ad,2026-03-01 05:35:07.000,GB,false,
acc_6a3a6d5d57c543c8,2026-03-01 21:28:34.000,PH,false,
acc_294fbda55d5348b2,2026-03-01 21:50:34.000,PH,false,
acc_c607bbd36c764be0,2026-03-01 05:26:38.000,TH,false,
acc_13b92a0cd4974257,2026-03-01 02:12:42.000,BR,false,
acc_043adcb99b534ef4,2026-03-01 02:41:42.000,BR,false,
acc_b3260343c67347aa,2026-03-01 00:09:23.000,KR,false,
acc_3d33e1000bfa4ae8,2026-03-01 04:08:05.000,KR,true,2026-03-06 00:00:00.000
acc_3a09786f95234789,2026-03-01 05:55:38.000,DE,false,
acc_39b00fc013be49d9,2026-03-01 02:34:55.000,JP,false,
acc_e08333b1c38945e4,2026-03-01 11:36:20.000,TW,false,
acc_16e1888786dd4c92,2026-03-01 05:12:00.000,DE,false,
acc_fd3ca73077f146f0,2026-03-01 06:44:00.000,DE,false,
acc_53216b5ab11c48d5,2026-03-01 21:56:19.000,PH,false,
acc_da066884754a4667,2026-03-01 17:42:13.000,US,true,2026-03-03 00:00:00.000
acc_6586f79ed8a947df,2026-03-01 00:53:20.000,US,true,2026-03-02 00:00:00.000
acc_d97891c6e17d4917,2026-03-01 15:51:00.000,PH,false,
acc_7dcbda0b32544e93,2026-03-01 15:22:45.000,BR,false,
acc_a512faccc5504ca9,2026-03-01 15:02:45.000,BR,false,
acc_9219bd77d9374f10,2026-03-01 21:36:40.000,PH,false,
acc_604a8ec2ccd845ef,2026-03-01 12:21:14.000,PH,false,
acc_ef0b2f3af011440f,2026-03-01 13:47:14.000,PH,false,
acc_51fc894271fb4883,2026-03-01 00:37:22.000,US,false,
acc_a155a865391a47e7,2026-03-01 09:41:22.000,BR,false,
acc_4782b216f3314394,2026-03-01 06:09:09.000,ID,false,
acc_1870e51b13014189,2026-03-01 15:13:50.000,PH,false,
acc_88c3086e9d7649a8,2026-03-01 18:22:01.000,KR,true,2026-03-02 00:00:00.000
acc_458294b8833e4c0e,2026-03-01 09:27:36.000,KR,false,
acc_745c1e4628ea44e6,2026-03-01 05:05:01.000,BR,false,
acc_de99cc2aa6224a5d,2026-03-01 08:17:10.000,US,true,2026-03-03 00:00:00.000
acc_62841f12d4c44708,2026-03-01 17:20:08.000,US,false,
acc_7269548593d44c60,2026-03-01 19:26:08.000,US,false,
acc_798fe7302c19470f,2026-03-01 14:30:36.000,US,false,
acc_81dd410ddb374c1c,2026-03-01 15:16:36.000,US,false,
acc_76e4a12c07894ef6,2026-03-01 01:31:18.000,FR,false,
acc_0f86a97c58064ee5,2026-03-01 08:25:35.000,DE,false,
acc_d424d4f6adbb4f7c,2026-03-01 08:46:35.000,DE,false,
acc_e3d740c3b3df44ff,2026-03-01 15:36:57.000,US,false,
acc_3b9fc6e0221541d8,2026-03-01 13:29:32.000,JP,false,
acc_545a777d46584c52,2026-03-01 11:55:48.000,ID,false,
acc_f685f9c15974461a,2026-03-01 13:44:48.000,ID,false,
acc_0d8fe8c47a2c4ddc,2026-03-01 09:46:22.000,PH,false,
acc_014a480b85204d58,2026-03-01 11:57:01.000,KR,true,2026-03-04 00:00:00.000
acc_9957b83563ea4f33,2026-03-01 12:04:58.000,GB,false,
acc_de13b6df162641bd,2026-03-01 11:15:47.000,ID,false,
acc_300c7da2b0114a3c,2026-03-01 14:27:28.000,KR,false,
acc_18795f3a2c1c4fb4,2026-03-01 03:35:13.000,FR,false,
acc_88572be668614e56,2026-03-01 16:31:30.000,US,false,
acc_90dca322f66c4921,2026-03-01 17:54:18.000,KR,false,
acc_20ea5363d1534541,2026-03-01 18:06:18.000,KR,false,
acc_9822461439bd4e71,2026-03-01 11:57:52.000,BR,false,
acc_89abde88d68a4e33,2026-03-01 21:54:20.000,PH,false,
acc_45a369951d694cd9,2026-03-01 05:50:53.000,PH,true,2026-03-07 00:00:00.000
acc_171fcc5d30f849d5,2026-03-01 10:01:07.000,JP,false,
acc_98e17b5b9e8f4d81,2026-03-01 19:38:11.000,PH,false,
acc_0751d29559b24d94,2026-03-01 23:35:56.000,TW,false,
acc_81addc7940b24300,2026-03-01 14:52:36.000,AU,false,
acc_cd6cc3dc3b9941be,2026-03-01 14:47:09.000,ID,false,
acc_0d9f5d34a592428b,2026-03-01 03:52:18.000,VN,false,
acc_b50d212e6a2345ed,2026-03-01 21:23:07.000,ID,false,
acc_ce2adf6f56ab442e,2026-03-01 11:27:10.000,ID,false,
acc_ab02ad971e08492c,2026-03-01 12:05:22.000,KR,false,
acc_8eb4e6a3e5894c9e,2026-03-01 08:59:45.000,BR,true,2026-03-05 00:00:00.000
acc_1d10c00a9d3b40a3,2026-03-01 01:44:10.000,BR,false,
acc_e94a111f7d2f45b8,2026-03-01 07:26:22.000,US,false,
acc_f22f082a4c5d4b8a,2026-03-01 08:50:22.000,US,false,
acc_a21645f909b14908,2026-03-01 15:50:27.000,PH,true,2026-03-01 00:00:00.000
acc_b769b4a3840c4eb6,2026-03-01 14:24:57.000,BR,true,2026-03-01 00:00:00.000
acc_a1bd79166c8d40a4,2026-03-01 10:58:14.000,CA,false,
acc_60366cbf274248c8,2026-03-01 15:55:35.000,AU,false,
acc_52e7f1c1703343e2,2026-03-01 16:26:35.000,AU,false,
acc_38f5e3931ae14540,2026-03-01 22:56:40.000,AU,false,
acc_740018eefdd24702,2026-03-01 01:56:00.000,CA,false,
acc_f28975fbcb2a498f,2026-03-01 17:19:22.000,TH,false,
acc_4c2a9bca662b491d,2026-03-01 14:49:46.000,AU,false,
acc_49cc59bf653d49a7,2026-03-01 16:31:46.000,AU,false,
acc_9c65618ab9134c53,2026-03-01 05:14:29.000,DE,true,2026-03-01 00:00:00.000
acc_a779114acfaa4265,2026-03-01 21:02:03.000,PH,false,
acc_ac58a623458f4936,2026-03-01 22:29:03.000,PH,false,
acc_65c1ff3d9e7f4882,2026-03-01 18:09:12.000,TH,false,
acc_0ac88db382094de9,2026-03-01 07:12:43.000,DE,false,
acc_0e391114cf684d9a,2026-03-01 05:12:09.000,PH,true,
acc_a2c9d8cb929c44e9,2026-03-01 16:13:16.000,VN,false,
acc_54ac2ea5c055432f,2026-03-01 18:50:12.000,PH,true,2026-03-01 00:00:00.000
acc_12ccb9b4c2b141d8,2026-03-01 08:28:26.000,PH,false,
acc_20b6512c9ef046a9,2026-03-01 05:06:20.000,TH,false,
acc_f54fa8a8910843e0,2026-03-01 03:00:39.000,TH,true,2026-03-08 00:00:00.000
acc_f7003221abfd414c,2026-03-01 15:51:05.000,GB,true,2026-03-01 00:00:00.000
acc_b3d3062850f34b87,2026-03-01 09:42:58.000,KR,true,2026-03-09 00:00:00.000
acc_00865e18f8de4801,2026-03-01 22:16:06.000,BR,false,
acc_b4377c9a80194657,2026-03-01 08:15:50.000,US,false,
acc_d1cf97ed75c3486c,2026-03-01 02:23:16.000,ID,false,
acc_3925f41e4f3c4dfd,2026-03-01 03:43:16.000,ID,false,
acc_0b8769853cec42e5,2026-03-01 19:24:20.000,DE,false,
acc_4b9225dc11b64951,2026-03-01 16:54:31.000,BR,false,
acc_7c5ec57200684ac2,2026-03-01 01:27:35.000,PH,false,
acc_7a5e0bd791c24711,2026-03-01 05:16:27.000,MX,false,
acc_bcf6509d5a0a446c,2026-03-01 22:50:19.000,TH,false,
acc_5dc903135aee4dd7,2026-03-01 05:33:49.000,ID,false,
acc_29fd4464328d4f77,2026-03-01 03:38:40.000,TH,true,2026-03-07 00:00:00.000
acc_f2a12d6b3bb84ba1,2026-03-01 11:32:13.000,JP,true,2026-03-01 00:00:00.000
acc_da3a2014c92545ce,2026-03-01 16:29:06.000,US,false,
acc_54cc977186874bed,2026-03-01 09:13:26.000,BR,false,
acc_14ef7d6233704a19,2026-03-01 07:57:53.000,DE,true,2026-03-01 00:00:00.000
acc_d1e0b984a4094a78,2026-03-01 10:41:34.000,ID,true,2026-03-09 00:00:00.000
acc_1eac0c912c8c4539,2026-03-02 00:26:34.000,JP,false,
acc_300962162df8495e,2026-03-01 11:29:55.000,BR,false,
acc_8c1bb5ecd8e546c2,2026-03-01 07:35:55.000,BR,false,
acc_a104f6d43772422d,2026-03-01 08:41:19.000,PH,false,
acc_c88de32f22fa4181,2026-03-01 23:23:45.000,PH,false,
acc_7f69d596cbb44656,2026-03-01 17:17:32.000,US,false,
acc_7afba56299604ec5,2026-03-01 13:17:41.000,GB,false,
acc_d3d68acc6b4249ff,2026-03-01 13:16:15.000,US,false,
acc_afd5c61c1af04553,2026-03-01 12:31:25.000,VN,false,
acc_3818881f32fc47ca,2026-03-01 15:41:18.000,FR,false,
acc_5b097f45bd5d42f5,2026-03-01 11:17:37.000,DE,false,
acc_198294f4666c467f,2026-03-01 14:21:58.000,US,false,
acc_198412281ad44471,2026-03-01 18:32:17.000,JP,true,2026-03-10 00:00:00.000
acc_e95c57d2475f4163,2026-03-01 11:49:53.000,CA,true,2026-03-06 00:00:00.000
acc_471e580369314f64,2026-03-01 13:51:53.000,CA,false,
acc_bdc15833320b4915,2026-03-01 07:05:14.000,KR,false,
acc_f4f0991d557f4fde,2026-03-01 11:20:01.000,MX,false,
acc_193e2fc75a50405d,2026-03-01 00:55:06.000,AU,false,
acc_d424a86af2174e1a,2026-03-01 13:57:49.000,KR,false,
acc_2c665ff212c0450d,2026-03-01 13:24:36.000,KR,false,
acc_f3d3fbdb4b484e20,2026-03-01 21:03:56.000,US,false,
acc_5550bf48fa4c46d8,2026-03-01 07:30:28.000,BR,false,
acc_3ca79d40525a43ca,2026-03-01 00:36:09.000,ID,false,
acc_e22216a70e8148da,2026-03-01 18:10:01.000,JP,true,2026-03-01 00:00:00.000
acc_72df42b83fe24926,2026-03-01 13:12:40.000,PH,false,
acc_7c97ac30c27c4a42,2026-03-01 10:58:23.000,US,false,
acc_6a6352614d8d4b06,2026-03-01 01:22:00.000,GB,false,
acc_21d1cfc9dd744d1e,2026-03-01 08:51:49.000,US,false,
acc_0237d5bb48a346db,2026-03-01 02:07:06.000,BR,false,
acc_2eeeb33f5f724e6f,2026-03-01 22:00:56.000,PH,false,
acc_3e077dfad7c44a74,2026-03-01 19:39:52.000,US,false,
acc_b1b89004f63f4387,2026-03-01 20:45:43.000,VN,false,
acc_ac2aa638c4814b25,2026-03-01 13:49:36.000,TH,false,
acc_9d9712f83ce14fd9,2026-03-01 20:09:50.000,KR,true,2026-03-09 00:00:00.000
acc_99359422eb11466f,2026-03-01 18:35:41.000,PH,false,
acc_11792356bddb4516,2026-03-01 09:40:28.000,BR,false,
acc_672f613e36744631,2026-03-01 18:05:48.000,KR,false,
acc_361feeeb8b68457d,2026-03-01 10:16:57.000,US,true,2026-03-05 00:00:00.000
acc_7dd1dee9728a40a0,2026-03-01 07:48:33.000,KR,false,
acc_00d246ae7a9248b4,2026-03-01 17:27:28.000,JP,false,
acc_4694888b79b74a9d,2026-03-01 19:12:38.000,PH,true,2026-03-07 00:00:00.000
acc_4afa17235e864109,2026-03-01 19:05:38.000,PH,false,
acc_903ab97400ba4acc,2026-03-01 22:00:38.000,PH,false,
acc_0a10928262a94b34,2026-03-01 09:49:09.000,ID,false,
acc_9283733419af412d,2026-03-01 03:11:02.000,US,false,
acc_021d2513654244b6,2026-03-01 03:19:10.000,GB,false,
acc_47d3371afd8f4e43,2026-03-01 18:56:59.000,VN,false,
acc_6ec65d38037a44cf,2026-03-01 14:08:18.000,GB,false,
acc_6b8404a5b0784255,2026-03-01 08:42:18.000,BR,false,
acc_06a5a1a61d304bb7,2026-03-01 10:00:18.000,BR,false,
acc_a86ad82f95e74830,2026-03-01 17:35:04.000,PH,false,
acc_fdb7e1ad5b9942e4,2026-03-01 15:32:38.000,KR,true,2026-03-06 00:00:00.000
acc_09e6165d00cd4451,2026-03-01 08:28:27.000,PH,false,
acc_2f4a1318721149a5,2026-03-01 11:38:13.000,PH,false,
acc_9bc5b2e744704604,2026-03-01 23:16:08.000,PH,true,2026-03-01 00:00:00.000
acc_2377efed438c42fe,2026-03-01 06:37:47.000,ID,false,
acc_16a6a060bb8f4a92,2026-03-01 03:37:00.000,VN,false,
acc_eabd87f5024144dd,2026-03-01 03:17:35.000,US,false,
acc_4b16f1aa595d4204,2026-03-01 02:49:35.000,US,false,
acc_5b3492ae2194479e,2026-03-01 04:11:35.000,US,false,
acc_b633e0923c6243ae,2026-03-01 18:40:23.000,US,false,
acc_36c7dac8c5c84714,2026-03-01 15:12:52.000,VN,false,
acc_fe8a34b6187a43ff,2026-03-01 07:13:43.000,US,false,
acc_3c3744be5069467c,2026-03-01 13:32:22.000,DE,false,
acc_028d56f36e3d47ad,2026-03-01 08:21:45.000,ID,false,
acc_771308d5ba554d93,2026-03-01 01:39:36.000,KR,false,
acc_1b8a08f082a74e32,2026-03-01 02:09:31.000,DE,false,
acc_aa2f919fbaed4abf,2026-03-01 19:04:11.000,GB,false,
acc_1858308e167a45d7,2026-03-01 04:27:39.000,DE,false,
acc_f0554641544b476d,2026-03-01 09:41:24.000,BR,false,
acc_900bdfe3c0af4f9e,2026-03-01 18:06:59.000,US,true,2026-03-06 00:00:00.000
acc_a570c8c626ac49c5,2026-03-01 17:10:03.000,JP,false,
acc_97acf04529d94b8e,2026-03-01 16:24:32.000,PH,true,2026-03-01 00:00:00.000
acc_e5bf484acb9c42f6,2026-03-01 12:18:22.000,TH,false,
acc_8efa05f76d904619,2026-03-01 05:48:55.000,PH,false,
acc_eed4a62c2c8444c8,2026-03-01 16:42:06.000,US,false,
acc_2a9cecc6fc9a4183,2026-03-01 15:37:31.000,KR,false,
acc_37759f9834b44030,2026-03-01 19:34:38.000,VN,false,
acc_25f687eb19c74af8,2026-03-01 21:25:45.000,PH,false,
acc_df9be04372c24507,2026-03-01 16:09:44.000,US,false,
acc_197de24d32874104,2026-03-01 02:33:19.000,BR,false,
acc_29c7f369e8804769,2026-03-01 15:42:35.000,TW,true,2026-03-07 00:00:00.000
acc_3227590b950f4b21,2026-03-01 02:01:14.000,TH,false,
acc_e58ef96f402e4698,2026-03-01 07:34:10.000,PH,false,
acc_114b056786cf4334,2026-03-01 11:13:02.000,TW,true,2026-03-06 00:00:00.000
acc_702cb5e262034d01,2026-03-01 21:09:51.000,TW,false,
acc_6192068db87147ff,2026-03-01 02:37:20.000,PH,true,2026-03-11 00:00:00.000
acc_f8f75e84970841af,2026-03-01 11:48:11.000,GB,false,
acc_00243b9870d64532,2026-03-01 16:34:45.000,US,false,
acc_724d3c06452a4042,2026-03-01 14:19:10.000,VN,false,
acc_eedf1face9ac484c,2026-03-01 22:30:33.000,US,false,
acc_081163ca52324e0d,2026-03-01 07:58:53.000,ID,true,2026-03-02 00:00:00.000
acc_3a2ee83ae8254081,2026-03-01 04:40:06.000,TH,false,
acc_ab856bd3e9db4b76,2026-03-01 09:47:43.000,US,true,
acc_9ef3012382df45d9,2026-03-01 11:17:02.000,MX,true,2026-03-05 00:00:00.000
acc_d3c8d6a1e62c44b1,2026-03-01 15:47:41.000,JP,true,2026-03-01 00:00:00.000
acc_b597b82fd9084f53,2026-03-01 19:21:27.000,US,false,
acc_c6a5cb7d99984e4c,2026-03-01 19:29:47.000,TH,false,
acc_af18925530004a3f,2026-03-01 14:32:28.000,AU,false,
acc_9b99fca6b78a4a86,2026-03-01 07:46:18.000,VN,true,2026-03-01 00:00:00.000
acc_4c16d05ef64e4554,2026-03-01 10:41:22.000,TH,true,2026-03-04 00:00:00.000
acc_7b5c7f9da80c4363,2026-03-01 02:05:21.000,KR,true,
acc_6342968b63014f48,2026-03-01 01:46:14.000,PH,true,
acc_4789bb534c814b64,2026-03-01 12:21:57.000,ID,false,
acc_21bce4172311459d,2026-03-01 09:48:48.000,ID,false,
acc_78ffa9f5c8ea4b0b,2026-03-01 06:56:25.000,KR,false,
acc_f7ef5bc6a3634340,2026-03-01 13:48:30.000,BR,false,
acc_423d6d09a4d34530,2026-03-01 06:40:06.000,TW,false,
acc_4c5237cffe9b49a8,2026-03-01 13:15:54.000,AU,false,
acc_465361e362564e5a,2026-03-01 15:32:39.000,BR,false,
acc_76c4636c43cc4b0e,2026-03-01 14:37:20.000,VN,true,2026-03-01 00:00:00.000
acc_1ff72ff7b08142b9,2026-03-01 07:24:31.000,VN,true,2026-03-02 00:00:00.000
acc_fc832ceeb0bf45e8,2026-03-01 17:05:11.000,KR,false,
acc_2a0c9b1311bb4a96,2026-03-01 18:35:15.000,PH,false,
acc_af18bde7b0574d3f,2026-03-01 12:03:11.000,AU,false,
acc_6a600d42a28242cb,2026-03-01 05:59:43.000,CA,false,
acc_fbe971da45a641d2,2026-03-01 20:35:30.000,JP,true,2026-03-05 00:00:00.000
acc_734405fccfd34b07,2026-03-01 20:18:30.000,JP,true,2026-03-01 00:00:00.000
acc_be12bf111001494a,2026-03-01 08:29:19.000,TH,false,
acc_5cb94601275f4bc0,2026-03-01 11:52:49.000,PH,false,
acc_b085cc780ee945e3,2026-03-01 12:57:49.000,PH,false,
acc_b2454c7f72914a91,2026-03-01 14:46:49.000,PH,false,
acc_1548f3aebab840c8,2026-03-01 11:52:16.000,KR,false,
acc_973cdeb8bd2441bc,2026-03-01 14:10:16.000,KR,false,
acc_5c220fa19d2c49f0,2026-03-01 09:37:37.000,JP,false,
acc_5aeaa51b032e4249,2026-03-01 20:54:18.000,US,false,
acc_5f39b5353736483e,2026-03-01 15:53:38.000,PH,false,
acc_d58f217b38204bb6,2026-03-01 04:56:23.000,BR,true,2026-03-01 00:00:00.000
acc_50352293f6e04cc1,2026-03-01 13:00:03.000,PH,false,
acc_4345b3f3e2aa4d3d,2026-03-01 01:15:10.000,BR,true,2026-03-01 00:00:00.000
acc_df10c0b1647e488f,2026-03-01 05:04:38.000,JP,false,
acc_08a56ef6bf0f4797,2026-03-01 08:18:23.000,ID,false,
acc_3a30eaeac4454589,2026-03-01 05:56:05.000,US,false,
acc_efdc3b8d9bde4ba6,2026-03-01 05:31:09.000,KR,false,
acc_980848ff35c9471e,2026-03-01 18:42:45.000,BR,true,2026-03-02 00:00:00.000
acc_c018ed40afd043c5,2026-03-01 06:08:20.000,KR,false,
acc_e829881cf7734ee1,2026-03-01 17:48:45.000,PH,true,
acc_e601396b5c7e4af3,2026-03-01 22:17:09.000,VN,false,
acc_a9017589d21c49f4,2026-03-01 14:30:02.000,BR,true,2026-03-01 00:00:00.000
acc_7e5991dd47584e63,2026-03-01 08:03:20.000,JP,false,
acc_2df1cdbe85084b88,2026-03-01 04:34:11.000,BR,true,2026-03-04 00:00:00.000
acc_b1e9048ae6d9411f,2026-03-01 14:29:07.000,TH,true,2026-03-07 00:00:00.000
acc_aa9e1f6cf04b475e,2026-03-01 10:31:41.000,US,true,2026-03-01 00:00:00.000
acc_802f12fbc55c4ae3,2026-03-01 23:29:09.000,VN,false,
acc_7d9293a255c24250,2026-03-01 13:31:27.000,US,false,
acc_7e428dd8baa74f38,2026-03-01 13:29:27.000,US,true,2026-03-03 00:00:00.000
acc_606efa92d6e74f14,2026-03-01 06:49:29.000,BR,false,
acc_3d7626ab405f4e93,2026-03-01 21:10:03.000,ID,true,2026-03-04 00:00:00.000
acc_68474b3b26a341e1,2026-03-01 22:22:15.000,GB,false,
acc_d215a0e2e5ac493c,2026-03-01 02:43:28.000,GB,false,
acc_597071a41b2b45b2,2026-03-01 10:09:11.000,BR,false,
acc_931bd5e0b56d4633,2026-03-01 09:48:16.000,ID,true,2026-03-01 00:00:00.000
acc_cff65f0b73fc4b89,2026-03-01 18:38:59.000,DE,false,
acc_67a4eed58fc24691,2026-03-01 19:17:59.000,DE,false,
acc_87f9623f78e44980,2026-03-01 14:57:15.000,PH,false,
acc_224c676ceaab4074,2026-03-01 21:29:32.000,US,false,
acc_ac56d169a8c74faf,2026-03-01 04:28:24.000,ID,false,
acc_7c541e6fd8eb41b7,2026-03-01 06:28:00.000,US,false,
acc_177367b518cb45b2,2026-03-01 10:02:00.000,US,false,
acc_bf69b4fd2fdd4084,2026-03-01 22:49:24.000,TH,false,
acc_c879b36e9b46422f,2026-03-01 06:03:30.000,BR,false,
acc_889c4f0d0b4b47ce,2026-03-01 08:25:30.000,BR,false,
acc_f336670b6fa441b3,2026-03-01 04:12:21.000,BR,false,
acc_b4473c0d5465429c,2026-03-01 17:31:38.000,TW,false,
acc_68acc148c20a43e8,2026-03-01 15:46:33.000,AU,false,
acc_e62a53562ef047c0,2026-03-01 23:13:44.000,PH,false,
acc_d23813835dd14a3f,2026-03-01 17:00:08.000,ID,false,
acc_8d79d8a24e0f4c3c,2026-03-01 15:17:01.000,US,true,2026-03-04 00:00:00.000
acc_73a70f4e32644abc,2026-03-01 10:27:21.000,DE,true,2026-03-05 00:00:00.000
acc_3019dc25d7624840,2026-03-01 16:14:43.000,BR,false,
acc_4ff2baf5a5824f6a,2026-03-01 15:51:43.000,BR,false,
acc_5c4250ab0dad4274,2026-03-01 18:33:33.000,MX,false,
acc_fd55bb3b6f054d06,2026-03-01 04:48:46.000,PH,true,2026-03-03 00:00:00.000
acc_8725b22f67ec4741,2026-03-01 04:57:46.000,PH,false,
acc_eda78f2e0ce84d3b,2026-03-01 21:33:18.000,VN,false,
acc_ba687d5cc21c46f3,2026-03-01 13:07:40.000,US,false,
acc_bfead775992d4bcf,2026-03-01 22:30:57.000,PH,false,
acc_9059f8fb836e453f,2026-03-01 13:42:11.000,FR,true,2026-03-07 00:00:00.000
acc_41fd03806d594cd8,2026-03-01 16:54:30.000,FR,false,
acc_20d448f2ba984cd5,2026-03-01 02:11:43.000,BR,false,
acc_019405e9affa440e,2026-03-01 10:35:34.000,CA,false,
acc_b8b1a852e1f8448c,2026-03-01 12:53:47.000,VN,true,2026-03-04 00:00:00.000
acc_f3abf2fb8538456e,2026-03-01 05:47:12.000,BR,true,2026-03-02 00:00:00.000
acc_4cbaf808eb1b422b,2026-03-01 21:39:57.000,JP,false,
acc_a663c76a3ec64aa4,2026-03-01 13:46:46.000,JP,false,
acc_ecce5dc4c8ca4357,2026-03-01 13:57:58.000,PH,true,2026-03-03 00:00:00.000
acc_b14cc87240be4dc4,2026-03-01 22:50:29.000,AU,true,2026-03-07 00:00:00.000
acc_0fa1526c14fe4fc0,2026-03-01 12:11:28.000,VN,true,2026-03-03 00:00:00.000
acc_719a877b12b54eb4,2026-03-01 08:52:56.000,KR,false,
acc_976c7ed236de4394,2026-03-01 01:53:02.000,FR,false,
acc_ed16491f6bd842de,2026-03-01 01:28:56.000,KR,false,
acc_17533b2b47634eff,2026-03-01 22:21:29.000,ID,false,
acc_9f63271a6c2a4286,2026-03-01 09:30:27.000,PH,false,
acc_7709cc2f1ad74674,2026-03-01 08:40:44.000,AU,true,2026-03-05 00:00:00.000
acc_bd9e709094354a84,2026-03-01 10:11:43.000,BR,false,
acc_2ccf05d3c722477b,2026-03-01 10:24:49.000,VN,false,
acc_f0cea99a2eff4b8a,2026-03-01 10:14:49.000,VN,false,
acc_a4e6b0cbc941423c,2026-03-01 18:26:08.000,FR,true,2026-03-02 00:00:00.000
acc_ed6c5d3ea75941c0,2026-03-01 14:47:15.000,PH,false,
acc_feeda4ceae544475,2026-03-01 23:22:07.000,BR,false,
acc_67572a9c99c84053,2026-03-01 01:02:25.000,US,false,
acc_b99308ff887546f6,2026-03-01 12:35:10.000,BR,false,
acc_1e898ae534964665,2026-03-01 11:10:36.000,JP,false,
acc_845ee19f747746ef,2026-03-01 22:11:53.000,ID,true,
acc_c72e7a8404cc4d32,2026-03-01 03:14:42.000,KR,false,
acc_d3f24b29b7ea444b,2026-03-01 23:58:39.000,US,true,2026-03-10 00:00:00.000
acc_190ee2177d9f41f1,2026-03-01 17:44:49.000,PH,true,2026-03-01 00:00:00.000
acc_1d9425bf87154e29,2026-03-01 08:16:57.000,BR,false,
acc_9ab49d5b38e34d57,2026-03-01 09:19:57.000,BR,false,
acc_78b8f7b30611470e,2026-03-01 12:57:32.000,JP,true,2026-03-01 00:00:00.000
acc_b8a68dab65c6419c,2026-03-01 14:51:51.000,FR,false,
acc_bf16219636b64522,2026-03-01 21:05:58.000,KR,false,
acc_cefe9ab3aebc4d52,2026-03-01 19:00:25.000,ID,false,
acc_9db04ea555fb4d2f,2026-03-01 20:21:25.000,ID,false,
acc_c0f16ce248ea4fb0,2026-03-01 03:40:24.000,US,true,2026-03-04 00:00:00.000
acc_85322534bce044ad,2026-03-01 05:24:24.000,US,false,
acc_228cc13f173247c0,2026-03-01 03:44:03.000,JP,false,
acc_4d51b0c5d6394e0d,2026-03-01 05:20:48.000,VN,false,
acc_d4f90822dea84fe5,2026-03-01 06:06:48.000,VN,false,
acc_c747cf5f1d8c441e,2026-03-01 13:12:05.000,CA,true,
acc_d6ac202d037d4259,2026-03-01 13:28:59.000,TH,true,2026-03-01 00:00:00.000
acc_120386a0a9ab4eb0,2026-03-01 00:55:38.000,ID,false,
acc_4b31a4a5845a4a3f,2026-03-01 14:02:23.000,KR,false,
acc_3fbbcdc8dd59440e,2026-03-01 15:32:00.000,US,false,
acc_9d86b318c7d74d21,2026-03-01 17:19:55.000,VN,false,
acc_eced53d8141e4cbc,2026-03-01 22:02:30.000,DE,false,
acc_9f628d54cd6146f8,2026-03-01 02:18:41.000,GB,false,
acc_823e3624247a40ab,2026-03-01 13:06:27.000,TW,false,
acc_12dc6bcaadce4da6,2026-03-01 11:07:23.000,AU,false,
acc_3ac4ecf59a29423d,2026-03-01 10:32:49.000,GB,false,
acc_cfb7e368520a4a77,2026-03-01 17:56:42.000,VN,false,
acc_8f837e2c3d314b83,2026-03-01 19:38:23.000,JP,false,
acc_53a149a631194d7a,2026-03-01 21:13:23.000,JP,false,
acc_8d1ac80f26e047b9,2026-03-02 00:21:23.000,JP,false,
acc_f3b1eae12d1d4329,2026-03-01 19:12:21.000,ID,false,
acc_3a4c8f93d85049c2,2026-03-01 03:45:45.000,TH,false,
acc_6d682314e3b34f3a,2026-03-01 04:35:45.000,TH,false,
acc_79a74ea95a1b484e,2026-03-01 07:10:45.000,TH,false,
acc_42f76b284fac4b5e,2026-03-01 10:51:34.000,ID,false,
acc_eb0932f409fa4cae,2026-03-01 16:05:20.000,VN,false,
acc_4bbfc462d7b7433d,2026-03-01 00:50:35.000,GB,false,
acc_a2a5fe7b82144fdc,2026-03-01 16:10:01.000,TH,false,
acc_5913fce6ae83485b,2026-03-01 12:37:06.000,US,false,
acc_10d0d03b93d24255,2026-03-01 00:28:15.000,TH,false,
acc_ee2e91f608ab4c8a,2026-03-01 22:00:15.000,DE,false,
acc_76baab013ea544d9,2026-03-01 22:18:04.000,VN,false,
acc_7da9e3ace6d542aa,2026-03-01 22:56:11.000,VN,false,
acc_bb60094b5a6d49d9,2026-03-01 09:56:14.000,BR,false,
acc_f8f463718c264267,2026-03-01 09:57:41.000,TH,false,
acc_8db4bf3ba707477c,2026-03-01 02:47:18.000,DE,true,2026-03-02 00:00:00.000
acc_736b764dba3e44b2,2026-03-01 15:12:22.000,JP,false,
acc_e2899916f28d4766,2026-03-01 09:21:10.000,GB,false,
acc_0063eaa3873743ab,2026-03-01 08:52:10.000,GB,false,
acc_61ba08cdfc40491b,2026-03-01 14:53:15.000,FR,false,
acc_04a5ddd6d51e4ed4,2026-03-01 06:00:15.000,ID,false,
acc_2c7f31cbf3a44aa1,2026-03-01 03:43:49.000,US,false,
acc_cce248d887d64aec,2026-03-01 06:29:02.000,KR,false,
acc_a1e18c0139bb4554,2026-03-01 06:17:02.000,KR,true,2026-03-01 00:00:00.000
acc_81cad56e51074966,2026-03-01 16:51:07.000,VN,true,2026-03-03 00:00:00.000
acc_82ff039e73084242,2026-03-01 22:28:32.000,AU,false,
acc_4f433de345904154,2026-03-01 23:22:32.000,AU,false,
acc_33382c32d5374156,2026-03-01 09:52:02.000,BR,false,
acc_450600dab7744ab8,2026-03-01 01:08:23.000,ID,false,
acc_3c1760dcc17f449e,2026-03-01 21:40:19.000,BR,false,
acc_f1902188786e4787,2026-03-01 09:37:05.000,VN,false,
acc_810a8dbca2c047dc,2026-03-01 03:27:16.000,AU,false,
acc_cc496283b13a4b54,2026-03-01 14:18:36.000,TH,false,
acc_ba397be466884950,2026-03-01 22:07:18.000,FR,false,
acc_80e4c26aba224b52,2026-03-01 23:29:18.000,FR,false,
acc_265dffcdbed14a75,2026-03-01 20:16:47.000,AU,false,
acc_9a0ebefd239146f4,2026-03-01 18:05:32.000,KR,false,
acc_f323ac30299443ec,2026-03-01 21:53:02.000,TW,true,2026-03-11 00:00:00.000
acc_5d0c048b23c54770,2026-03-01 07:12:15.000,CA,false,
acc_dfa8fcf46b7a41be,2026-03-01 07:35:15.000,CA,false,
acc_5977285da57a4fbc,2026-03-01 17:05:16.000,PH,true,2026-03-02 00:00:00.000
acc_40cbe8e5c9a54ddb,2026-03-01 16:25:16.000,PH,false,
acc_be63dc8ab4814dc3,2026-03-01 09:28:17.000,KR,false,
acc_91f2078237b24aec,2026-03-01 09:41:17.000,KR,false,
acc_51593b73f603423c,2026-03-01 19:02:22.000,VN,false,
acc_7d9482bcd4b04fb7,2026-03-01 16:35:53.000,BR,false,
acc_0b212b735a7e422a,2026-03-01 08:42:00.000,GB,false,
acc_3b2be38f74fe44aa,2026-03-01 04:42:16.000,FR,false,
acc_0935669f31d74cf8,2026-03-01 14:39:44.000,GB,false,
acc_76558540e53c4888,2026-03-01 12:06:22.000,JP,true,2026-03-02 00:00:00.000
acc_891dfde7165b4d36,2026-03-01 14:00:22.000,JP,true,
acc_5aada61b64ea4ca2,2026-03-01 10:41:56.000,VN,false,
